begin;

select plan(4);

insert into auth.users (
  id,
  email,
  aud,
  role,
  raw_app_meta_data,
  raw_user_meta_data,
  created_at,
  updated_at
) values (
  '00000000-0000-0000-0000-000000000003',
  'manual-refresh@example.test',
  'authenticated',
  'authenticated',
  '{}'::jsonb,
  '{}'::jsonb,
  now(),
  now()
);

insert into public.tournaments (
  id,
  name,
  year,
  starts_on,
  ends_on,
  lock_at
) values (
  '00000000-0000-0000-0000-000000000103',
  'Manual Snapshot Test',
  2036,
  '2036-06-09',
  '2036-07-09',
  now() + interval '10 years'
);

insert into public.groups (id, tournament_id, letter) values (
  '00000000-0000-0000-0000-000000000303',
  '00000000-0000-0000-0000-000000000103',
  'C'
);

insert into public.teams (id, tournament_id, name) values
  ('00000000-0000-0000-0000-000000000421', '00000000-0000-0000-0000-000000000103', 'Manual A'),
  ('00000000-0000-0000-0000-000000000422', '00000000-0000-0000-0000-000000000103', 'Manual B'),
  ('00000000-0000-0000-0000-000000000423', '00000000-0000-0000-0000-000000000103', 'Manual C'),
  ('00000000-0000-0000-0000-000000000424', '00000000-0000-0000-0000-000000000103', 'Manual D');

insert into public.group_teams (group_id, team_id, slot) values
  ('00000000-0000-0000-0000-000000000303', '00000000-0000-0000-0000-000000000421', 1),
  ('00000000-0000-0000-0000-000000000303', '00000000-0000-0000-0000-000000000422', 2),
  ('00000000-0000-0000-0000-000000000303', '00000000-0000-0000-0000-000000000423', 3),
  ('00000000-0000-0000-0000-000000000303', '00000000-0000-0000-0000-000000000424', 4);

insert into public.matches (
  id,
  tournament_id,
  match_ref,
  round,
  group_id,
  matchday,
  home_source,
  away_source,
  home_team_id,
  away_team_id,
  match_date,
  kickoff_at,
  venue
) values
  ('00000000-0000-0000-0000-000000000521', '00000000-0000-0000-0000-000000000103', 'GC-1', 'group', '00000000-0000-0000-0000-000000000303', 1, 'C1', 'C2', '00000000-0000-0000-0000-000000000421', '00000000-0000-0000-0000-000000000422', '2036-06-09', '2036-06-09 17:00:00+00', 'Manual Stadium'),
  ('00000000-0000-0000-0000-000000000522', '00000000-0000-0000-0000-000000000103', 'GC-2', 'group', '00000000-0000-0000-0000-000000000303', 1, 'C3', 'C4', '00000000-0000-0000-0000-000000000423', '00000000-0000-0000-0000-000000000424', '2036-06-09', '2036-06-09 20:00:00+00', 'Manual Stadium'),
  ('00000000-0000-0000-0000-000000000523', '00000000-0000-0000-0000-000000000103', 'GC-3', 'group', '00000000-0000-0000-0000-000000000303', 2, 'C1', 'C3', '00000000-0000-0000-0000-000000000421', '00000000-0000-0000-0000-000000000423', '2036-06-13', '2036-06-13 17:00:00+00', 'Manual Stadium'),
  ('00000000-0000-0000-0000-000000000524', '00000000-0000-0000-0000-000000000103', 'GC-4', 'group', '00000000-0000-0000-0000-000000000303', 2, 'C4', 'C2', '00000000-0000-0000-0000-000000000424', '00000000-0000-0000-0000-000000000422', '2036-06-13', '2036-06-13 20:00:00+00', 'Manual Stadium'),
  ('00000000-0000-0000-0000-000000000525', '00000000-0000-0000-0000-000000000103', 'GC-5', 'group', '00000000-0000-0000-0000-000000000303', 3, 'C4', 'C1', '00000000-0000-0000-0000-000000000424', '00000000-0000-0000-0000-000000000421', '2036-06-17', '2036-06-17 20:00:00+00', 'Manual Stadium'),
  ('00000000-0000-0000-0000-000000000526', '00000000-0000-0000-0000-000000000103', 'GC-6', 'group', '00000000-0000-0000-0000-000000000303', 3, 'C2', 'C3', '00000000-0000-0000-0000-000000000422', '00000000-0000-0000-0000-000000000423', '2036-06-17', '2036-06-17 20:00:00+00', 'Manual Stadium');

insert into public.entries (id, user_id, tournament_id) values (
  '00000000-0000-0000-0000-000000000204',
  '00000000-0000-0000-0000-000000000003',
  '00000000-0000-0000-0000-000000000103'
);

insert into public.match_predictions (entry_id, match_id, home_score, away_score) values
  ('00000000-0000-0000-0000-000000000204', '00000000-0000-0000-0000-000000000521', 1, 1),
  ('00000000-0000-0000-0000-000000000204', '00000000-0000-0000-0000-000000000522', 1, 1),
  ('00000000-0000-0000-0000-000000000204', '00000000-0000-0000-0000-000000000523', 1, 1),
  ('00000000-0000-0000-0000-000000000204', '00000000-0000-0000-0000-000000000524', 1, 1),
  ('00000000-0000-0000-0000-000000000204', '00000000-0000-0000-0000-000000000525', 1, 1),
  ('00000000-0000-0000-0000-000000000204', '00000000-0000-0000-0000-000000000526', 1, 1);

select is(
  (
    select count(*)::integer
    from public.predicted_group_positions pgp
    where pgp.entry_id = '00000000-0000-0000-0000-000000000204'
  ),
  0,
  'a complete unresolved group has no trusted scoring snapshot'
);

set local role authenticated;
select set_config('request.jwt.claim.sub', '00000000-0000-0000-0000-000000000003', true);
select set_config('request.jwt.claim.role', 'authenticated', true);

insert into public.predicted_tie_resolutions (
  entry_id,
  scope,
  tie_key,
  ordered_team_ids
) values (
  '00000000-0000-0000-0000-000000000204',
  'group',
  '00000000-0000-0000-0000-000000000421|00000000-0000-0000-0000-000000000422|00000000-0000-0000-0000-000000000423|00000000-0000-0000-0000-000000000424',
  array[
    '00000000-0000-0000-0000-000000000424'::uuid,
    '00000000-0000-0000-0000-000000000423'::uuid,
    '00000000-0000-0000-0000-000000000422'::uuid,
    '00000000-0000-0000-0000-000000000421'::uuid
  ]
);

select is(
  (
    select jsonb_agg(to_jsonb(pgp.team_id::text) order by pgp.position)
    from public.predicted_group_positions pgp
    where pgp.entry_id = '00000000-0000-0000-0000-000000000204'
  ),
  '["00000000-0000-0000-0000-000000000424","00000000-0000-0000-0000-000000000423","00000000-0000-0000-0000-000000000422","00000000-0000-0000-0000-000000000421"]'::jsonb,
  'an exact manual group-tie decision creates the trusted snapshot'
);

do $$
begin
  perform public.delete_match_prediction(
    '00000000-0000-0000-0000-000000000204',
    '00000000-0000-0000-0000-000000000526',
    0
  );
end;
$$;

select is(
  (
    select count(*)::integer
    from public.predicted_group_positions pgp
    where pgp.entry_id = '00000000-0000-0000-0000-000000000204'
  ),
  0,
  'deleting one pre-lock score clears the stale group-position snapshot'
);

insert into public.match_predictions (entry_id, match_id, home_score, away_score) values (
  '00000000-0000-0000-0000-000000000204',
  '00000000-0000-0000-0000-000000000526',
  1,
  1
);

select is(
  (
    select jsonb_agg(to_jsonb(pgp.team_id::text) order by pgp.position)
    from public.predicted_group_positions pgp
    where pgp.entry_id = '00000000-0000-0000-0000-000000000204'
  ),
  '["00000000-0000-0000-0000-000000000424","00000000-0000-0000-0000-000000000423","00000000-0000-0000-0000-000000000422","00000000-0000-0000-0000-000000000421"]'::jsonb,
  'restoring the score reapplies the still-valid exact manual decision'
);

reset role;
select * from finish();
rollback;
